month,channel,spend_usd
2025-01,Meta Ads,48780
2025-01,Google Search Ads,60323
2025-01,Podcast Sponsorships,25915
2025-01,Referral Rewards,7128
2025-02,Meta Ads,43261
2025-02,Google Search Ads,47222
2025-02,Podcast Sponsorships,27203
2025-02,Referral Rewards,6696
2025-03,Meta Ads,40095
2025-03,Google Search Ads,59850
2025-03,Podcast Sponsorships,25808
2025-03,Referral Rewards,7102
2025-04,Meta Ads,43232
2025-04,Google Search Ads,50397
2025-04,Podcast Sponsorships,24414
2025-04,Referral Rewards,7220
2025-05,Meta Ads,44582
2025-05,Google Search Ads,46387
2025-05,Podcast Sponsorships,23529
2025-05,Referral Rewards,8376
2025-06,Meta Ads,34310
2025-06,Google Search Ads,44334
2025-06,Podcast Sponsorships,26733
2025-06,Referral Rewards,6725
2025-07,Meta Ads,48514
2025-07,Google Search Ads,43237
2025-07,Podcast Sponsorships,27096
2025-07,Referral Rewards,6879
2025-08,Meta Ads,54331
2025-08,Google Search Ads,44839
2025-08,Podcast Sponsorships,24472
2025-08,Referral Rewards,6957
2025-09,Meta Ads,45793
2025-09,Google Search Ads,52961
2025-09,Podcast Sponsorships,29000
2025-09,Referral Rewards,7715
2025-10,Meta Ads,42859
2025-10,Google Search Ads,62890
2025-10,Podcast Sponsorships,35812
2025-10,Referral Rewards,7036
2025-11,Meta Ads,48437
2025-11,Google Search Ads,69728
2025-11,Podcast Sponsorships,33887
2025-11,Referral Rewards,7766
2025-12,Meta Ads,39088
2025-12,Google Search Ads,49586
2025-12,Podcast Sponsorships,28029
2025-12,Referral Rewards,7980
2026-01,Meta Ads,45558
2026-01,Google Search Ads,58028
2026-01,Podcast Sponsorships,25230
2026-01,Referral Rewards,7839
2026-02,Meta Ads,42286
2026-02,Google Search Ads,45381
2026-02,Podcast Sponsorships,27270
2026-02,Referral Rewards,8287
2026-03,Meta Ads,189111
2026-03,Google Search Ads,39894
2026-03,Podcast Sponsorships,30821
2026-03,Referral Rewards,7914
2026-04,Meta Ads,307652
2026-04,Google Search Ads,47293
2026-04,Podcast Sponsorships,29915
2026-04,Referral Rewards,7458
2026-05,Meta Ads,315527
2026-05,Google Search Ads,45839
2026-05,Podcast Sponsorships,31358
2026-05,Referral Rewards,8654
2026-06,Meta Ads,275518
2026-06,Google Search Ads,48736
2026-06,Podcast Sponsorships,29662
2026-06,Referral Rewards,4899
2026-07,Meta Ads,218731
2026-07,Google Search Ads,35145
2026-07,Podcast Sponsorships,26562
2026-07,Referral Rewards,7400
2026-08,Meta Ads,222553
2026-08,Google Search Ads,44983
2026-08,Podcast Sponsorships,22522
2026-08,Referral Rewards,6787
2026-09,Meta Ads,139847
2026-09,Google Search Ads,51773
2026-09,Podcast Sponsorships,26873
2026-09,Referral Rewards,9117
