segment_dimension,segment_value,june_opening_subscriptions,june_cancellations,june_churn_pct,august_opening_subscriptions,august_cancellations,august_churn_pct,churn_change_percentage_points
age_band,25-34,1066,35,3.28,1297,66,5.09,1.81
age_band,35-44,1778,55,3.09,2143,92,4.29,1.2
age_band,45-54,1385,37,2.67,1678,91,5.42,2.75
age_band,55-64,714,19,2.66,854,43,5.04,2.37
age_band,65+,263,9,3.42,302,16,5.3,1.88
region,Midwest,979,28,2.86,1185,51,4.3,1.44
region,Northeast,1271,48,3.78,1491,68,4.56,0.78
region,Southeast,1060,31,2.92,1301,68,5.23,2.3
region,Southwest,734,17,2.32,887,49,5.52,3.21
region,West,1162,31,2.67,1410,72,5.11,2.44
