start_month,tenure_days,eligible_subscriptions,retained_subscriptions,retention_pct
2025-01-01,30,403,384,95.29
2025-01-01,60,403,376,93.3
2025-01-01,90,403,368,91.32
2025-02-01,30,433,415,95.84
2025-02-01,60,433,405,93.53
2025-02-01,90,433,399,92.15
2025-03-01,30,433,410,94.69
2025-03-01,60,433,401,92.61
2025-03-01,90,433,390,90.07
2025-04-01,30,425,410,96.47
2025-04-01,60,425,400,94.12
2025-04-01,90,425,391,92.0
2025-05-01,30,429,418,97.44
2025-05-01,60,429,412,96.04
2025-05-01,90,429,403,93.94
2025-06-01,30,400,387,96.75
2025-06-01,60,400,373,93.25
2025-06-01,90,400,361,90.25
2025-07-01,30,455,440,96.7
2025-07-01,60,455,428,94.07
2025-07-01,90,455,417,91.65
2025-08-01,30,469,447,95.31
2025-08-01,60,469,437,93.18
2025-08-01,90,469,422,89.98
2025-09-01,30,461,442,95.88
2025-09-01,60,461,433,93.93
2025-09-01,90,461,424,91.97
2025-10-01,30,497,480,96.58
2025-10-01,60,497,466,93.76
2025-10-01,90,497,448,90.14
2025-11-01,30,479,455,94.99
2025-11-01,60,479,437,91.23
2025-11-01,90,479,428,89.35
2025-12-01,30,493,470,95.33
2025-12-01,60,493,462,93.71
2025-12-01,90,493,461,93.51
2026-01-01,30,469,446,95.1
2026-01-01,60,469,440,93.82
2026-01-01,90,469,434,92.54
2026-02-01,30,472,463,98.09
2026-02-01,60,472,457,96.82
2026-02-01,90,472,448,94.92
2026-03-01,30,667,649,97.3
2026-03-01,60,667,634,95.05
2026-03-01,90,667,621,93.1
2026-04-01,30,819,788,96.21
2026-04-01,60,819,774,94.51
2026-04-01,90,819,756,92.31
2026-05-01,30,774,754,97.42
2026-05-01,60,774,740,95.61
2026-05-01,90,774,725,93.67
2026-06-01,30,936,899,96.05
2026-06-01,60,936,878,93.8
2026-07-01,30,828,804,97.1
