month,channel,channel_group,total_channel_spend_usd,monthly_subscription_starts,confirmed_harbor50_starts,likely_paid_social_starts
2026-03,Google Search Ads,Paid search,39894.0,74,8,0
2026-03,Meta Ads,Paid social,189111.0,261,232,29
2026-03,Podcast Sponsorships,Podcast,30821.0,62,10,0
2026-03,Referral Rewards,Referral,7914.0,57,0,0
2026-04,Google Search Ads,Paid search,47293.0,79,10,0
2026-04,Meta Ads,Paid social,307652.0,380,339,41
2026-04,Podcast Sponsorships,Podcast,29915.0,51,8,0
2026-04,Referral Rewards,Referral,7458.0,45,0,0
2026-05,Google Search Ads,Paid search,45839.0,71,16,0
2026-05,Meta Ads,Paid social,315527.0,395,341,54
2026-05,Podcast Sponsorships,Podcast,31358.0,42,5,0
2026-05,Referral Rewards,Referral,8654.0,59,0,0
2026-06,Google Search Ads,Paid search,48736.0,85,15,0
2026-06,Meta Ads,Paid social,275518.0,487,428,59
2026-06,Podcast Sponsorships,Podcast,29662.0,53,10,0
2026-06,Referral Rewards,Referral,4899.0,60,0,0
2026-07,Google Search Ads,Paid search,35145.0,87,11,0
2026-07,Meta Ads,Paid social,218731.0,392,356,36
2026-07,Podcast Sponsorships,Podcast,26562.0,41,4,0
2026-07,Referral Rewards,Referral,7400.0,60,0,0
2026-08,Google Search Ads,Paid search,44983.0,92,10,0
2026-08,Meta Ads,Paid social,222553.0,429,378,51
2026-08,Podcast Sponsorships,Podcast,22522.0,54,9,0
2026-08,Referral Rewards,Referral,6787.0,60,0,0
