month_start,total_new_subscriptions,monthly_new_subscriptions,annual_new_subscriptions,other_plan_new_subscriptions,comp100_monthly_starts,harbor50_monthly_starts
2025-02-01,435,315,120,0,4,0
2025-03-01,433,329,104,0,4,0
2025-04-01,425,329,96,0,5,0
2025-05-01,430,326,104,0,5,0
2025-06-01,406,308,98,0,5,0
2025-07-01,456,334,122,0,6,0
2025-08-01,471,364,107,0,8,0
2025-09-01,463,343,120,0,5,0
2025-10-01,497,379,118,0,6,0
2025-11-01,479,352,127,0,9,0
2025-12-01,494,361,133,0,11,0
2026-01-01,470,349,121,0,2,0
2026-02-01,473,343,130,0,5,0
2026-03-01,668,569,99,0,4,254
2026-04-01,822,698,124,0,9,368
2026-05-01,777,658,119,0,4,367
2026-06-01,936,807,129,0,6,460
2026-07-01,828,676,152,0,2,379
2026-08-01,951,792,159,0,8,406
