month_start,plan_group,opening_active_subscriptions,opening_subscriptions_canceled,all_cancellations_in_month,opening_base_churn_pct,all_cancellations_vs_opening_pct
2025-02-01,all plans,392,12,19,3.06,4.85
2025-02-01,annual,94,2,2,2.13,2.13
2025-02-01,monthly,298,10,17,3.36,5.7
2025-03-01,all plans,806,25,30,3.1,3.72
2025-03-01,annual,212,1,2,0.47,0.94
2025-03-01,monthly,594,24,28,4.04,4.71
2025-04-01,all plans,1209,42,47,3.47,3.89
2025-04-01,annual,314,2,2,0.64,0.64
2025-04-01,monthly,895,40,45,4.47,5.03
2025-05-01,all plans,1587,31,37,1.95,2.33
2025-05-01,annual,408,1,1,0.25,0.25
2025-05-01,monthly,1179,30,36,2.54,3.05
2025-06-01,all plans,1979,53,60,2.68,3.03
2025-06-01,annual,510,0,0,0.0,0.0
2025-06-01,monthly,1469,53,60,3.61,4.08
2025-07-01,all plans,2319,52,60,2.24,2.59
2025-07-01,annual,606,0,0,0.0,0.0
2025-07-01,monthly,1713,52,60,3.04,3.5
2025-08-01,all plans,2714,68,80,2.51,2.95
2025-08-01,annual,728,1,4,0.14,0.55
2025-08-01,monthly,1986,67,76,3.37,3.83
2025-09-01,all plans,3103,90,96,2.9,3.09
2025-09-01,annual,831,1,1,0.12,0.12
2025-09-01,monthly,2272,89,95,3.92,4.18
2025-10-01,all plans,3468,91,99,2.62,2.85
2025-10-01,annual,950,2,2,0.21,0.21
2025-10-01,monthly,2518,89,97,3.53,3.85
2025-11-01,all plans,3866,105,121,2.72,3.13
2025-11-01,annual,1066,1,3,0.09,0.28
2025-11-01,monthly,2800,104,118,3.71,4.21
2025-12-01,all plans,4224,125,137,2.96,3.24
2025-12-01,annual,1190,2,5,0.17,0.42
2025-12-01,monthly,3034,123,132,4.05,4.35
2026-01-01,all plans,4580,147,153,3.21,3.34
2026-01-01,annual,1318,26,27,1.97,2.05
2026-01-01,monthly,3262,121,126,3.71,3.86
2026-02-01,all plans,4896,143,149,2.92,3.04
2026-02-01,annual,1412,30,30,2.12,2.12
2026-02-01,monthly,3484,113,119,3.24,3.42
2026-03-01,all plans,5219,80,87,1.53,1.67
2026-03-01,annual,1512,9,9,0.6,0.6
2026-03-01,monthly,3707,71,78,1.92,2.1
2026-04-01,all plans,5799,154,166,2.66,2.86
2026-04-01,annual,1602,23,24,1.44,1.5
2026-04-01,monthly,4197,131,142,3.12,3.38
2026-05-01,all plans,6452,190,200,2.94,3.1
2026-05-01,annual,1702,34,35,2.0,2.06
2026-05-01,monthly,4750,156,165,3.28,3.47
2026-06-01,all plans,7026,177,193,2.52,2.75
2026-06-01,annual,1786,22,23,1.23,1.29
2026-06-01,monthly,5240,155,170,2.96,3.24
2026-07-01,all plans,7769,267,273,3.44,3.51
2026-07-01,annual,1892,29,29,1.53,1.53
2026-07-01,monthly,5877,238,244,4.05,4.15
2026-08-01,all plans,8324,328,348,3.94,4.18
2026-08-01,annual,2015,20,21,0.99,1.04
2026-08-01,monthly,6309,308,327,4.88,5.18
