start_month,acquisition_channel_group,promotion_group,window_label,first_window_start,last_window_end,at_risk_subscriptions,cancellations_in_window,conditional_cancellation_pct
2026-03-01,All channels,Confirmed HARBOR50,0_30d_after_expiry,2026-06-01,2026-07-30,233,31,13.3
2026-03-01,All channels,Confirmed HARBOR50,30d_before_expiry,2026-05-02,2026-06-30,238,5,2.1
2026-03-01,All channels,Confirmed HARBOR50,31_60d_after_expiry,2026-07-01,2026-08-29,202,42,20.79
2026-03-01,All channels,Confirmed HARBOR50,61_90d_after_expiry,2026-07-31,2026-09-15,95,15,15.79
2026-03-01,All channels,Likely paid-social campaign,0_30d_after_expiry,2026-06-01,2026-07-30,27,3,11.11
2026-03-01,All channels,Likely paid-social campaign,30d_before_expiry,2026-05-02,2026-06-30,28,1,3.57
2026-03-01,All channels,Likely paid-social campaign,31_60d_after_expiry,2026-07-01,2026-08-29,24,0,0.0
2026-03-01,All channels,Likely paid-social campaign,61_90d_after_expiry,2026-07-31,2026-09-15,14,1,7.14
2026-03-01,All channels,Other post-launch monthly,0_30d_after_expiry,2026-06-01,2026-07-30,259,5,1.93
2026-03-01,All channels,Other post-launch monthly,30d_before_expiry,2026-05-02,2026-06-30,266,7,2.63
2026-03-01,All channels,Other post-launch monthly,31_60d_after_expiry,2026-07-01,2026-08-29,254,4,1.57
2026-03-01,All channels,Other post-launch monthly,61_90d_after_expiry,2026-07-31,2026-09-15,139,1,0.72
2026-03-01,Organic,Other post-launch monthly,0_30d_after_expiry,2026-06-01,2026-07-30,93,2,2.15
2026-03-01,Organic,Other post-launch monthly,30d_before_expiry,2026-05-02,2026-06-30,96,3,3.13
2026-03-01,Organic,Other post-launch monthly,31_60d_after_expiry,2026-07-01,2026-08-29,91,1,1.1
2026-03-01,Organic,Other post-launch monthly,61_90d_after_expiry,2026-07-31,2026-09-15,52,1,1.92
2026-03-01,Paid search,Confirmed HARBOR50,0_30d_after_expiry,2026-06-05,2026-07-27,7,1,14.29
2026-03-01,Paid search,Confirmed HARBOR50,30d_before_expiry,2026-05-06,2026-06-27,7,0,0.0
2026-03-01,Paid search,Confirmed HARBOR50,31_60d_after_expiry,2026-07-05,2026-08-26,6,3,50.0
2026-03-01,Paid search,Confirmed HARBOR50,61_90d_after_expiry,2026-08-04,2026-09-14,2,0,0.0
2026-03-01,Paid search,Other post-launch monthly,0_30d_after_expiry,2026-06-01,2026-07-30,58,2,3.45
2026-03-01,Paid search,Other post-launch monthly,30d_before_expiry,2026-05-02,2026-06-30,61,3,4.92
2026-03-01,Paid search,Other post-launch monthly,31_60d_after_expiry,2026-07-01,2026-08-29,56,1,1.79
2026-03-01,Paid search,Other post-launch monthly,61_90d_after_expiry,2026-07-31,2026-09-15,34,0,0.0
2026-03-01,Paid social,Confirmed HARBOR50,0_30d_after_expiry,2026-06-01,2026-07-30,212,28,13.21
2026-03-01,Paid social,Confirmed HARBOR50,30d_before_expiry,2026-05-02,2026-06-30,217,5,2.3
2026-03-01,Paid social,Confirmed HARBOR50,31_60d_after_expiry,2026-07-01,2026-08-29,184,35,19.02
2026-03-01,Paid social,Confirmed HARBOR50,61_90d_after_expiry,2026-07-31,2026-09-15,87,15,17.24
2026-03-01,Paid social,Likely paid-social campaign,0_30d_after_expiry,2026-06-01,2026-07-30,27,3,11.11
2026-03-01,Paid social,Likely paid-social campaign,30d_before_expiry,2026-05-02,2026-06-30,28,1,3.57
2026-03-01,Paid social,Likely paid-social campaign,31_60d_after_expiry,2026-07-01,2026-08-29,24,0,0.0
2026-03-01,Paid social,Likely paid-social campaign,61_90d_after_expiry,2026-07-31,2026-09-15,14,1,7.14
2026-03-01,Podcast,Confirmed HARBOR50,0_30d_after_expiry,2026-06-01,2026-07-25,10,1,10.0
2026-03-01,Podcast,Confirmed HARBOR50,30d_before_expiry,2026-05-02,2026-06-25,10,0,0.0
2026-03-01,Podcast,Confirmed HARBOR50,31_60d_after_expiry,2026-07-01,2026-08-24,9,3,33.33
2026-03-01,Podcast,Confirmed HARBOR50,61_90d_after_expiry,2026-07-31,2026-09-14,4,0,0.0
2026-03-01,Podcast,Other post-launch monthly,0_30d_after_expiry,2026-06-01,2026-07-30,47,0,0.0
2026-03-01,Podcast,Other post-launch monthly,30d_before_expiry,2026-05-02,2026-06-30,48,1,2.08
2026-03-01,Podcast,Other post-launch monthly,31_60d_after_expiry,2026-07-01,2026-08-29,47,1,2.13
2026-03-01,Podcast,Other post-launch monthly,61_90d_after_expiry,2026-07-31,2026-09-15,23,0,0.0
2026-03-01,Referral,Other post-launch monthly,0_30d_after_expiry,2026-06-01,2026-07-30,55,1,1.82
2026-03-01,Referral,Other post-launch monthly,30d_before_expiry,2026-05-02,2026-06-30,55,0,0.0
2026-03-01,Referral,Other post-launch monthly,31_60d_after_expiry,2026-07-01,2026-08-29,54,1,1.85
2026-03-01,Referral,Other post-launch monthly,61_90d_after_expiry,2026-07-31,2026-09-15,26,0,0.0
2026-03-01,Unknown,Confirmed HARBOR50,0_30d_after_expiry,2026-06-01,2026-07-16,4,1,25.0
2026-03-01,Unknown,Confirmed HARBOR50,30d_before_expiry,2026-05-02,2026-06-16,4,0,0.0
2026-03-01,Unknown,Confirmed HARBOR50,31_60d_after_expiry,2026-07-01,2026-08-15,3,1,33.33
2026-03-01,Unknown,Confirmed HARBOR50,61_90d_after_expiry,2026-07-31,2026-09-14,2,0,0.0
2026-03-01,Unknown,Other post-launch monthly,0_30d_after_expiry,2026-06-04,2026-07-30,6,0,0.0
2026-03-01,Unknown,Other post-launch monthly,30d_before_expiry,2026-05-05,2026-06-30,6,0,0.0
2026-03-01,Unknown,Other post-launch monthly,31_60d_after_expiry,2026-07-04,2026-08-29,6,0,0.0
2026-03-01,Unknown,Other post-launch monthly,61_90d_after_expiry,2026-08-03,2026-09-15,4,0,0.0
2026-04-01,All channels,Confirmed HARBOR50,0_30d_after_expiry,2026-07-01,2026-08-29,342,43,12.57
2026-04-01,All channels,Confirmed HARBOR50,30d_before_expiry,2026-06-01,2026-07-30,351,9,2.56
2026-04-01,All channels,Confirmed HARBOR50,31_60d_after_expiry,2026-07-31,2026-09-15,163,29,17.79
2026-04-01,All channels,Likely paid-social campaign,0_30d_after_expiry,2026-07-01,2026-08-29,32,4,12.5
2026-04-01,All channels,Likely paid-social campaign,30d_before_expiry,2026-06-01,2026-07-30,35,3,8.57
2026-04-01,All channels,Likely paid-social campaign,31_60d_after_expiry,2026-07-31,2026-09-15,19,1,5.26
2026-04-01,All channels,Other post-launch monthly,0_30d_after_expiry,2026-07-01,2026-08-29,258,9,3.49
2026-04-01,All channels,Other post-launch monthly,30d_before_expiry,2026-06-01,2026-07-30,264,6,2.27
2026-04-01,All channels,Other post-launch monthly,31_60d_after_expiry,2026-07-31,2026-09-15,151,2,1.32
2026-04-01,Organic,Other post-launch monthly,0_30d_after_expiry,2026-07-01,2026-08-29,112,4,3.57
2026-04-01,Organic,Other post-launch monthly,30d_before_expiry,2026-06-01,2026-07-30,112,0,0.0
2026-04-01,Organic,Other post-launch monthly,31_60d_after_expiry,2026-07-31,2026-09-15,69,0,0.0
2026-04-01,Paid search,Confirmed HARBOR50,0_30d_after_expiry,2026-07-01,2026-08-29,10,2,20.0
2026-04-01,Paid search,Confirmed HARBOR50,30d_before_expiry,2026-06-01,2026-07-30,10,0,0.0
2026-04-01,Paid search,Confirmed HARBOR50,31_60d_after_expiry,2026-07-31,2026-09-06,3,0,0.0
2026-04-01,Paid search,Other post-launch monthly,0_30d_after_expiry,2026-07-01,2026-08-29,65,2,3.08
2026-04-01,Paid search,Other post-launch monthly,30d_before_expiry,2026-06-01,2026-07-30,67,2,2.99
2026-04-01,Paid search,Other post-launch monthly,31_60d_after_expiry,2026-07-31,2026-09-15,35,0,0.0
2026-04-01,Paid social,Confirmed HARBOR50,0_30d_after_expiry,2026-07-01,2026-08-29,316,37,11.71
2026-04-01,Paid social,Confirmed HARBOR50,30d_before_expiry,2026-06-01,2026-07-30,325,9,2.77
2026-04-01,Paid social,Confirmed HARBOR50,31_60d_after_expiry,2026-07-31,2026-09-15,153,28,18.3
2026-04-01,Paid social,Likely paid-social campaign,0_30d_after_expiry,2026-07-01,2026-08-29,32,4,12.5
2026-04-01,Paid social,Likely paid-social campaign,30d_before_expiry,2026-06-01,2026-07-30,35,3,8.57
2026-04-01,Paid social,Likely paid-social campaign,31_60d_after_expiry,2026-07-31,2026-09-15,19,1,5.26
2026-04-01,Podcast,Confirmed HARBOR50,0_30d_after_expiry,2026-07-04,2026-08-27,5,1,20.0
2026-04-01,Podcast,Confirmed HARBOR50,30d_before_expiry,2026-06-04,2026-07-28,5,0,0.0
2026-04-01,Podcast,Confirmed HARBOR50,31_60d_after_expiry,2026-08-03,2026-09-15,2,0,0.0
2026-04-01,Podcast,Other post-launch monthly,0_30d_after_expiry,2026-07-02,2026-08-28,36,2,5.56
2026-04-01,Podcast,Other post-launch monthly,30d_before_expiry,2026-06-02,2026-07-29,39,3,7.69
2026-04-01,Podcast,Other post-launch monthly,31_60d_after_expiry,2026-08-01,2026-09-15,21,0,0.0
2026-04-01,Referral,Other post-launch monthly,0_30d_after_expiry,2026-07-01,2026-08-29,41,1,2.44
2026-04-01,Referral,Other post-launch monthly,30d_before_expiry,2026-06-01,2026-07-30,42,1,2.38
2026-04-01,Referral,Other post-launch monthly,31_60d_after_expiry,2026-07-31,2026-09-15,22,2,9.09
2026-04-01,Unknown,Confirmed HARBOR50,0_30d_after_expiry,2026-07-01,2026-08-26,11,3,27.27
2026-04-01,Unknown,Confirmed HARBOR50,30d_before_expiry,2026-06-01,2026-07-27,11,0,0.0
2026-04-01,Unknown,Confirmed HARBOR50,31_60d_after_expiry,2026-07-31,2026-09-08,5,1,20.0
2026-04-01,Unknown,Other post-launch monthly,0_30d_after_expiry,2026-07-04,2026-08-16,4,0,0.0
2026-04-01,Unknown,Other post-launch monthly,30d_before_expiry,2026-06-04,2026-07-17,4,0,0.0
2026-04-01,Unknown,Other post-launch monthly,31_60d_after_expiry,2026-08-03,2026-09-15,4,0,0.0
2026-05-01,All channels,Confirmed HARBOR50,0_30d_after_expiry,2026-08-01,2026-09-15,187,24,12.83
2026-05-01,All channels,Confirmed HARBOR50,30d_before_expiry,2026-07-02,2026-08-31,350,5,1.43
2026-05-01,All channels,Likely paid-social campaign,0_30d_after_expiry,2026-08-03,2026-09-14,16,0,0.0
2026-05-01,All channels,Likely paid-social campaign,30d_before_expiry,2026-07-04,2026-08-31,49,2,4.08
2026-05-01,All channels,Other post-launch monthly,0_30d_after_expiry,2026-08-01,2026-09-15,124,4,3.23
2026-05-01,All channels,Other post-launch monthly,30d_before_expiry,2026-07-02,2026-08-31,218,6,2.75
2026-05-01,Organic,Other post-launch monthly,0_30d_after_expiry,2026-08-01,2026-09-15,43,2,4.65
2026-05-01,Organic,Other post-launch monthly,30d_before_expiry,2026-07-02,2026-08-31,73,2,2.74
2026-05-01,Paid search,Confirmed HARBOR50,0_30d_after_expiry,2026-08-02,2026-09-15,10,4,40.0
2026-05-01,Paid search,Confirmed HARBOR50,30d_before_expiry,2026-07-03,2026-08-29,16,1,6.25
2026-05-01,Paid search,Other post-launch monthly,0_30d_after_expiry,2026-08-01,2026-09-15,28,1,3.57
2026-05-01,Paid search,Other post-launch monthly,30d_before_expiry,2026-07-02,2026-08-31,50,1,2.0
2026-05-01,Paid social,Confirmed HARBOR50,0_30d_after_expiry,2026-08-01,2026-09-15,173,20,11.56
2026-05-01,Paid social,Confirmed HARBOR50,30d_before_expiry,2026-07-02,2026-08-31,325,4,1.23
2026-05-01,Paid social,Likely paid-social campaign,0_30d_after_expiry,2026-08-03,2026-09-14,16,0,0.0
2026-05-01,Paid social,Likely paid-social campaign,30d_before_expiry,2026-07-04,2026-08-31,49,2,4.08
2026-05-01,Podcast,Confirmed HARBOR50,0_30d_after_expiry,2026-08-09,2026-09-08,1,0,0.0
2026-05-01,Podcast,Confirmed HARBOR50,30d_before_expiry,2026-07-10,2026-08-23,4,0,0.0
2026-05-01,Podcast,Other post-launch monthly,0_30d_after_expiry,2026-08-01,2026-09-15,19,0,0.0
2026-05-01,Podcast,Other post-launch monthly,30d_before_expiry,2026-07-02,2026-08-31,32,2,6.25
2026-05-01,Referral,Other post-launch monthly,0_30d_after_expiry,2026-08-01,2026-09-15,31,1,3.23
2026-05-01,Referral,Other post-launch monthly,30d_before_expiry,2026-07-02,2026-08-31,57,1,1.75
2026-05-01,Unknown,Confirmed HARBOR50,0_30d_after_expiry,2026-08-05,2026-09-11,3,0,0.0
2026-05-01,Unknown,Confirmed HARBOR50,30d_before_expiry,2026-07-06,2026-08-27,5,0,0.0
2026-05-01,Unknown,Other post-launch monthly,0_30d_after_expiry,2026-08-06,2026-09-15,3,0,0.0
2026-05-01,Unknown,Other post-launch monthly,30d_before_expiry,2026-07-07,2026-08-30,6,0,0.0
2026-06-01,All channels,Confirmed HARBOR50,30d_before_expiry,2026-08-02,2026-09-15,227,6,2.64
2026-06-01,All channels,Likely paid-social campaign,30d_before_expiry,2026-08-02,2026-09-15,26,1,3.85
2026-06-01,All channels,Other post-launch monthly,30d_before_expiry,2026-08-02,2026-09-15,129,4,3.1
2026-06-01,Organic,Other post-launch monthly,30d_before_expiry,2026-08-02,2026-09-15,48,2,4.17
2026-06-01,Paid search,Confirmed HARBOR50,30d_before_expiry,2026-08-07,2026-09-14,3,0,0.0
2026-06-01,Paid search,Other post-launch monthly,30d_before_expiry,2026-08-02,2026-09-15,33,0,0.0
2026-06-01,Paid social,Confirmed HARBOR50,30d_before_expiry,2026-08-02,2026-09-15,217,6,2.76
2026-06-01,Paid social,Likely paid-social campaign,30d_before_expiry,2026-08-02,2026-09-15,26,1,3.85
2026-06-01,Podcast,Confirmed HARBOR50,30d_before_expiry,2026-08-03,2026-09-10,5,0,0.0
2026-06-01,Podcast,Other post-launch monthly,30d_before_expiry,2026-08-02,2026-09-15,22,0,0.0
2026-06-01,Referral,Other post-launch monthly,30d_before_expiry,2026-08-02,2026-09-14,19,1,5.26
2026-06-01,Unknown,Confirmed HARBOR50,30d_before_expiry,2026-08-05,2026-09-05,2,0,0.0
2026-06-01,Unknown,Other post-launch monthly,30d_before_expiry,2026-08-04,2026-09-15,7,1,14.29
