start_month,acquisition_channel_group,promotion_group,tenure_days,eligible_subscriptions,retained_subscriptions,retention_pct
2026-03-01,All channels,Complimentary COMP100,30,4,3,75.0
2026-03-01,All channels,Complimentary COMP100,60,4,3,75.0
2026-03-01,All channels,Complimentary COMP100,90,4,3,75.0
2026-03-01,All channels,Confirmed HARBOR50,30,253,244,96.44
2026-03-01,All channels,Confirmed HARBOR50,60,253,238,94.07
2026-03-01,All channels,Confirmed HARBOR50,90,253,233,92.09
2026-03-01,All channels,Likely paid-social campaign,30,29,29,100.0
2026-03-01,All channels,Likely paid-social campaign,60,29,28,96.55
2026-03-01,All channels,Likely paid-social campaign,90,29,27,93.1
2026-03-01,All channels,Other post-launch monthly,30,282,274,97.16
2026-03-01,All channels,Other post-launch monthly,60,282,266,94.33
2026-03-01,All channels,Other post-launch monthly,90,282,259,91.84
2026-03-01,Organic,Complimentary COMP100,30,4,3,75.0
2026-03-01,Organic,Complimentary COMP100,60,4,3,75.0
2026-03-01,Organic,Complimentary COMP100,90,4,3,75.0
2026-03-01,Organic,Other post-launch monthly,30,101,98,97.03
2026-03-01,Organic,Other post-launch monthly,60,101,96,95.05
2026-03-01,Organic,Other post-launch monthly,90,101,93,92.08
2026-03-01,Paid search,Confirmed HARBOR50,30,8,8,100.0
2026-03-01,Paid search,Confirmed HARBOR50,60,8,7,87.5
2026-03-01,Paid search,Confirmed HARBOR50,90,8,7,87.5
2026-03-01,Paid search,Other post-launch monthly,30,66,64,96.97
2026-03-01,Paid search,Other post-launch monthly,60,66,61,92.42
2026-03-01,Paid search,Other post-launch monthly,90,66,58,87.88
2026-03-01,Paid social,Confirmed HARBOR50,30,231,222,96.1
2026-03-01,Paid social,Confirmed HARBOR50,60,231,217,93.94
2026-03-01,Paid social,Confirmed HARBOR50,90,231,212,91.77
2026-03-01,Paid social,Likely paid-social campaign,30,29,29,100.0
2026-03-01,Paid social,Likely paid-social campaign,60,29,28,96.55
2026-03-01,Paid social,Likely paid-social campaign,90,29,27,93.1
2026-03-01,Podcast,Confirmed HARBOR50,30,10,10,100.0
2026-03-01,Podcast,Confirmed HARBOR50,60,10,10,100.0
2026-03-01,Podcast,Confirmed HARBOR50,90,10,10,100.0
2026-03-01,Podcast,Other post-launch monthly,30,52,49,94.23
2026-03-01,Podcast,Other post-launch monthly,60,52,48,92.31
2026-03-01,Podcast,Other post-launch monthly,90,52,47,90.38
2026-03-01,Referral,Other post-launch monthly,30,57,57,100.0
2026-03-01,Referral,Other post-launch monthly,60,57,55,96.49
2026-03-01,Referral,Other post-launch monthly,90,57,55,96.49
2026-03-01,Unknown,Confirmed HARBOR50,30,4,4,100.0
2026-03-01,Unknown,Confirmed HARBOR50,60,4,4,100.0
2026-03-01,Unknown,Confirmed HARBOR50,90,4,4,100.0
2026-03-01,Unknown,Other post-launch monthly,30,6,6,100.0
2026-03-01,Unknown,Other post-launch monthly,60,6,6,100.0
2026-03-01,Unknown,Other post-launch monthly,90,6,6,100.0
2026-04-01,All channels,Complimentary COMP100,30,9,2,22.22
2026-04-01,All channels,Complimentary COMP100,60,9,2,22.22
2026-04-01,All channels,Complimentary COMP100,90,9,2,22.22
2026-04-01,All channels,Confirmed HARBOR50,30,365,358,98.08
2026-04-01,All channels,Confirmed HARBOR50,60,365,351,96.16
2026-04-01,All channels,Confirmed HARBOR50,90,365,342,93.7
2026-04-01,All channels,Likely paid-social campaign,30,41,39,95.12
2026-04-01,All channels,Likely paid-social campaign,60,41,35,85.37
2026-04-01,All channels,Likely paid-social campaign,90,41,32,78.05
2026-04-01,All channels,Other post-launch monthly,30,280,267,95.36
2026-04-01,All channels,Other post-launch monthly,60,280,264,94.29
2026-04-01,All channels,Other post-launch monthly,90,280,258,92.14
2026-04-01,Organic,Complimentary COMP100,30,9,2,22.22
2026-04-01,Organic,Complimentary COMP100,60,9,2,22.22
2026-04-01,Organic,Complimentary COMP100,90,9,2,22.22
2026-04-01,Organic,Other post-launch monthly,30,119,114,95.8
2026-04-01,Organic,Other post-launch monthly,60,119,112,94.12
2026-04-01,Organic,Other post-launch monthly,90,119,112,94.12
2026-04-01,Paid search,Confirmed HARBOR50,30,10,10,100.0
2026-04-01,Paid search,Confirmed HARBOR50,60,10,10,100.0
2026-04-01,Paid search,Confirmed HARBOR50,90,10,10,100.0
2026-04-01,Paid search,Other post-launch monthly,30,69,67,97.1
2026-04-01,Paid search,Other post-launch monthly,60,69,67,97.1
2026-04-01,Paid search,Other post-launch monthly,90,69,65,94.2
2026-04-01,Paid social,Confirmed HARBOR50,30,337,332,98.52
2026-04-01,Paid social,Confirmed HARBOR50,60,337,325,96.44
2026-04-01,Paid social,Confirmed HARBOR50,90,337,316,93.77
2026-04-01,Paid social,Likely paid-social campaign,30,41,39,95.12
2026-04-01,Paid social,Likely paid-social campaign,60,41,35,85.37
2026-04-01,Paid social,Likely paid-social campaign,90,41,32,78.05
2026-04-01,Podcast,Confirmed HARBOR50,30,7,5,71.43
2026-04-01,Podcast,Confirmed HARBOR50,60,7,5,71.43
2026-04-01,Podcast,Confirmed HARBOR50,90,7,5,71.43
2026-04-01,Podcast,Other post-launch monthly,30,43,40,93.02
2026-04-01,Podcast,Other post-launch monthly,60,43,39,90.7
2026-04-01,Podcast,Other post-launch monthly,90,43,36,83.72
2026-04-01,Referral,Other post-launch monthly,30,45,42,93.33
2026-04-01,Referral,Other post-launch monthly,60,45,42,93.33
2026-04-01,Referral,Other post-launch monthly,90,45,41,91.11
2026-04-01,Unknown,Confirmed HARBOR50,30,11,11,100.0
2026-04-01,Unknown,Confirmed HARBOR50,60,11,11,100.0
2026-04-01,Unknown,Confirmed HARBOR50,90,11,11,100.0
2026-04-01,Unknown,Other post-launch monthly,30,4,4,100.0
2026-04-01,Unknown,Other post-launch monthly,60,4,4,100.0
2026-04-01,Unknown,Other post-launch monthly,90,4,4,100.0
2026-05-01,All channels,Complimentary COMP100,30,4,3,75.0
2026-05-01,All channels,Complimentary COMP100,60,4,3,75.0
2026-05-01,All channels,Complimentary COMP100,90,4,3,75.0
2026-05-01,All channels,Confirmed HARBOR50,30,365,357,97.81
2026-05-01,All channels,Confirmed HARBOR50,60,365,350,95.89
2026-05-01,All channels,Confirmed HARBOR50,90,365,345,94.52
2026-05-01,All channels,Likely paid-social campaign,30,54,52,96.3
2026-05-01,All channels,Likely paid-social campaign,60,54,50,92.59
2026-05-01,All channels,Likely paid-social campaign,90,54,47,87.04
2026-05-01,All channels,Other post-launch monthly,30,232,224,96.55
2026-05-01,All channels,Other post-launch monthly,60,232,219,94.4
2026-05-01,All channels,Other post-launch monthly,90,232,212,91.38
2026-05-01,Organic,Complimentary COMP100,30,4,3,75.0
2026-05-01,Organic,Complimentary COMP100,60,4,3,75.0
2026-05-01,Organic,Complimentary COMP100,90,4,3,75.0
2026-05-01,Organic,Other post-launch monthly,30,75,74,98.67
2026-05-01,Organic,Other post-launch monthly,60,75,73,97.33
2026-05-01,Organic,Other post-launch monthly,90,75,71,94.67
2026-05-01,Paid search,Confirmed HARBOR50,30,16,16,100.0
2026-05-01,Paid search,Confirmed HARBOR50,60,16,16,100.0
2026-05-01,Paid search,Confirmed HARBOR50,90,16,15,93.75
2026-05-01,Paid search,Other post-launch monthly,30,55,52,94.55
2026-05-01,Paid search,Other post-launch monthly,60,55,50,90.91
2026-05-01,Paid search,Other post-launch monthly,90,55,49,89.09
2026-05-01,Paid social,Confirmed HARBOR50,30,340,332,97.65
2026-05-01,Paid social,Confirmed HARBOR50,60,340,325,95.59
2026-05-01,Paid social,Confirmed HARBOR50,90,340,321,94.41
2026-05-01,Paid social,Likely paid-social campaign,30,54,52,96.3
2026-05-01,Paid social,Likely paid-social campaign,60,54,50,92.59
2026-05-01,Paid social,Likely paid-social campaign,90,54,47,87.04
2026-05-01,Podcast,Confirmed HARBOR50,30,4,4,100.0
2026-05-01,Podcast,Confirmed HARBOR50,60,4,4,100.0
2026-05-01,Podcast,Confirmed HARBOR50,90,4,4,100.0
2026-05-01,Podcast,Other post-launch monthly,30,37,35,94.59
2026-05-01,Podcast,Other post-launch monthly,60,37,33,89.19
2026-05-01,Podcast,Other post-launch monthly,90,37,30,81.08
2026-05-01,Referral,Other post-launch monthly,30,59,57,96.61
2026-05-01,Referral,Other post-launch monthly,60,59,57,96.61
2026-05-01,Referral,Other post-launch monthly,90,59,56,94.92
2026-05-01,Unknown,Confirmed HARBOR50,30,5,5,100.0
2026-05-01,Unknown,Confirmed HARBOR50,60,5,5,100.0
2026-05-01,Unknown,Confirmed HARBOR50,90,5,5,100.0
2026-05-01,Unknown,Other post-launch monthly,30,6,6,100.0
2026-05-01,Unknown,Other post-launch monthly,60,6,6,100.0
2026-05-01,Unknown,Other post-launch monthly,90,6,6,100.0
2026-06-01,All channels,Complimentary COMP100,30,6,1,16.67
2026-06-01,All channels,Complimentary COMP100,60,6,1,16.67
2026-06-01,All channels,Confirmed HARBOR50,30,460,448,97.39
2026-06-01,All channels,Confirmed HARBOR50,60,460,438,95.22
2026-06-01,All channels,Likely paid-social campaign,30,59,54,91.53
2026-06-01,All channels,Likely paid-social campaign,60,59,51,86.44
2026-06-01,All channels,Other post-launch monthly,30,282,268,95.04
2026-06-01,All channels,Other post-launch monthly,60,282,260,92.2
2026-06-01,Organic,Complimentary COMP100,30,6,1,16.67
2026-06-01,Organic,Complimentary COMP100,60,6,1,16.67
2026-06-01,Organic,Other post-launch monthly,30,100,95,95.0
2026-06-01,Organic,Other post-launch monthly,60,100,92,92.0
2026-06-01,Paid search,Confirmed HARBOR50,30,15,14,93.33
2026-06-01,Paid search,Confirmed HARBOR50,60,15,13,86.67
2026-06-01,Paid search,Other post-launch monthly,30,70,65,92.86
2026-06-01,Paid search,Other post-launch monthly,60,70,65,92.86
2026-06-01,Paid social,Confirmed HARBOR50,30,428,418,97.66
2026-06-01,Paid social,Confirmed HARBOR50,60,428,410,95.79
2026-06-01,Paid social,Likely paid-social campaign,30,59,54,91.53
2026-06-01,Paid social,Likely paid-social campaign,60,59,51,86.44
2026-06-01,Podcast,Confirmed HARBOR50,30,10,9,90.0
2026-06-01,Podcast,Confirmed HARBOR50,60,10,9,90.0
2026-06-01,Podcast,Other post-launch monthly,30,43,41,95.35
2026-06-01,Podcast,Other post-launch monthly,60,43,38,88.37
2026-06-01,Referral,Other post-launch monthly,30,60,58,96.67
2026-06-01,Referral,Other post-launch monthly,60,60,56,93.33
2026-06-01,Unknown,Confirmed HARBOR50,30,7,7,100.0
2026-06-01,Unknown,Confirmed HARBOR50,60,7,6,85.71
2026-06-01,Unknown,Other post-launch monthly,30,9,9,100.0
2026-06-01,Unknown,Other post-launch monthly,60,9,9,100.0
2026-07-01,All channels,Complimentary COMP100,30,2,0,0.0
2026-07-01,All channels,Confirmed HARBOR50,30,379,368,97.1
2026-07-01,All channels,Likely paid-social campaign,30,36,32,88.89
2026-07-01,All channels,Other post-launch monthly,30,259,252,97.3
2026-07-01,Organic,Complimentary COMP100,30,2,0,0.0
2026-07-01,Organic,Other post-launch monthly,30,82,80,97.56
2026-07-01,Paid search,Confirmed HARBOR50,30,11,10,90.91
2026-07-01,Paid search,Other post-launch monthly,30,76,72,94.74
2026-07-01,Paid social,Confirmed HARBOR50,30,356,347,97.47
2026-07-01,Paid social,Likely paid-social campaign,30,36,32,88.89
2026-07-01,Podcast,Confirmed HARBOR50,30,4,4,100.0
2026-07-01,Podcast,Other post-launch monthly,30,37,37,100.0
2026-07-01,Referral,Other post-launch monthly,30,60,59,98.33
2026-07-01,Unknown,Confirmed HARBOR50,30,8,7,87.5
2026-07-01,Unknown,Other post-launch monthly,30,4,4,100.0
