start_month,cohort_year,cohort_calendar_month,acquisition_channel_group,tenure_days,eligible_subscriptions,retained_subscriptions,retention_pct
2025-03-01,2025,3,All channels,30,329,309,93.92
2026-03-01,2026,3,All channels,30,568,550,96.83
2025-03-01,2025,3,All channels,60,329,300,91.19
2026-03-01,2026,3,All channels,60,568,535,94.19
2025-03-01,2025,3,All channels,90,329,289,87.84
2026-03-01,2026,3,All channels,90,568,522,91.9
2025-03-01,2025,3,Organic,30,91,82,90.11
2026-03-01,2026,3,Organic,30,105,101,96.19
2025-03-01,2025,3,Organic,60,91,80,87.91
2026-03-01,2026,3,Organic,60,105,99,94.29
2025-03-01,2025,3,Organic,90,91,79,86.81
2026-03-01,2026,3,Organic,90,105,96,91.43
2025-03-01,2025,3,Paid search,30,64,60,93.75
2026-03-01,2026,3,Paid search,30,74,72,97.3
2025-03-01,2025,3,Paid search,60,64,59,92.19
2026-03-01,2026,3,Paid search,60,74,68,91.89
2025-03-01,2025,3,Paid search,90,64,56,87.5
2026-03-01,2026,3,Paid search,90,74,65,87.84
2025-03-01,2025,3,Paid social,30,68,67,98.53
2026-03-01,2026,3,Paid social,30,260,251,96.54
2025-03-01,2025,3,Paid social,60,68,63,92.65
2026-03-01,2026,3,Paid social,60,260,245,94.23
2025-03-01,2025,3,Paid social,90,68,59,86.76
2026-03-01,2026,3,Paid social,90,260,239,91.92
2025-03-01,2025,3,Podcast,30,41,40,97.56
2026-03-01,2026,3,Podcast,30,62,59,95.16
2025-03-01,2025,3,Podcast,60,41,39,95.12
2026-03-01,2026,3,Podcast,60,62,58,93.55
2025-03-01,2025,3,Podcast,90,41,37,90.24
2026-03-01,2026,3,Podcast,90,62,57,91.94
2025-03-01,2025,3,Referral,30,62,57,91.94
2026-03-01,2026,3,Referral,30,57,57,100.0
2025-03-01,2025,3,Referral,60,62,56,90.32
2026-03-01,2026,3,Referral,60,57,55,96.49
2025-03-01,2025,3,Referral,90,62,56,90.32
2026-03-01,2026,3,Referral,90,57,55,96.49
2025-03-01,2025,3,Unknown,30,3,3,100.0
2026-03-01,2026,3,Unknown,30,10,10,100.0
2025-03-01,2025,3,Unknown,60,3,3,100.0
2026-03-01,2026,3,Unknown,60,10,10,100.0
2025-03-01,2025,3,Unknown,90,3,2,66.67
2026-03-01,2026,3,Unknown,90,10,10,100.0
2025-04-01,2025,4,All channels,30,329,315,95.74
2026-04-01,2026,4,All channels,30,695,666,95.83
2025-04-01,2025,4,All channels,60,329,305,92.71
2026-04-01,2026,4,All channels,60,695,652,93.81
2025-04-01,2025,4,All channels,90,329,296,89.97
2026-04-01,2026,4,All channels,90,695,634,91.22
2025-04-01,2025,4,Organic,30,99,94,94.95
2026-04-01,2026,4,Organic,30,128,116,90.63
2025-04-01,2025,4,Organic,60,99,91,91.92
2026-04-01,2026,4,Organic,60,128,114,89.06
2025-04-01,2025,4,Organic,90,99,88,88.89
2026-04-01,2026,4,Organic,90,128,114,89.06
2025-04-01,2025,4,Paid search,30,74,70,94.59
2026-04-01,2026,4,Paid search,30,79,77,97.47
2025-04-01,2025,4,Paid search,60,74,68,91.89
2026-04-01,2026,4,Paid search,60,79,77,97.47
2025-04-01,2025,4,Paid search,90,74,67,90.54
2026-04-01,2026,4,Paid search,90,79,75,94.94
2025-04-01,2025,4,Paid social,30,55,54,98.18
2026-04-01,2026,4,Paid social,30,378,371,98.15
2025-04-01,2025,4,Paid social,60,55,50,90.91
2026-04-01,2026,4,Paid social,60,378,360,95.24
2025-04-01,2025,4,Paid social,90,55,49,89.09
2026-04-01,2026,4,Paid social,90,378,348,92.06
2025-04-01,2025,4,Podcast,30,44,42,95.45
2026-04-01,2026,4,Podcast,30,50,45,90.0
2025-04-01,2025,4,Podcast,60,44,42,95.45
2026-04-01,2026,4,Podcast,60,50,44,88.0
2025-04-01,2025,4,Podcast,90,44,40,90.91
2026-04-01,2026,4,Podcast,90,50,41,82.0
2025-04-01,2025,4,Referral,30,51,49,96.08
2026-04-01,2026,4,Referral,30,45,42,93.33
2025-04-01,2025,4,Referral,60,51,49,96.08
2026-04-01,2026,4,Referral,60,45,42,93.33
2025-04-01,2025,4,Referral,90,51,47,92.16
2026-04-01,2026,4,Referral,90,45,41,91.11
2025-04-01,2025,4,Unknown,30,6,6,100.0
2026-04-01,2026,4,Unknown,30,15,15,100.0
2025-04-01,2025,4,Unknown,60,6,5,83.33
2026-04-01,2026,4,Unknown,60,15,15,100.0
2025-04-01,2025,4,Unknown,90,6,5,83.33
2026-04-01,2026,4,Unknown,90,15,15,100.0
2025-05-01,2025,5,All channels,30,326,315,96.63
2026-05-01,2026,5,All channels,30,655,636,97.1
2025-05-01,2025,5,All channels,60,326,309,94.79
2026-05-01,2026,5,All channels,60,655,622,94.96
2025-05-01,2025,5,All channels,90,326,300,92.02
2026-05-01,2026,5,All channels,90,655,607,92.67
2025-05-01,2025,5,Organic,30,101,97,96.04
2026-05-01,2026,5,Organic,30,79,77,97.47
2025-05-01,2025,5,Organic,60,101,96,95.05
2026-05-01,2026,5,Organic,60,79,76,96.2
2025-05-01,2025,5,Organic,90,101,93,92.08
2026-05-01,2026,5,Organic,90,79,74,93.67
2025-05-01,2025,5,Paid search,30,68,66,97.06
2026-05-01,2026,5,Paid search,30,71,68,95.77
2025-05-01,2025,5,Paid search,60,68,65,95.59
2026-05-01,2026,5,Paid search,60,71,66,92.96
2025-05-01,2025,5,Paid search,90,68,64,94.12
2026-05-01,2026,5,Paid search,90,71,64,90.14
2025-05-01,2025,5,Paid social,30,50,50,100.0
2026-05-01,2026,5,Paid social,30,394,384,97.46
2025-05-01,2025,5,Paid social,60,50,50,100.0
2026-05-01,2026,5,Paid social,60,394,375,95.18
2025-05-01,2025,5,Paid social,90,50,46,92.0
2026-05-01,2026,5,Paid social,90,394,368,93.4
2025-05-01,2025,5,Podcast,30,48,46,95.83
2026-05-01,2026,5,Podcast,30,41,39,95.12
2025-05-01,2025,5,Podcast,60,48,44,91.67
2026-05-01,2026,5,Podcast,60,41,37,90.24
2025-05-01,2025,5,Podcast,90,48,43,89.58
2026-05-01,2026,5,Podcast,90,41,34,82.93
2025-05-01,2025,5,Referral,30,53,51,96.23
2026-05-01,2026,5,Referral,30,59,57,96.61
2025-05-01,2025,5,Referral,60,53,50,94.34
2026-05-01,2026,5,Referral,60,59,57,96.61
2025-05-01,2025,5,Referral,90,53,50,94.34
2026-05-01,2026,5,Referral,90,59,56,94.92
2025-05-01,2025,5,Unknown,30,6,5,83.33
2026-05-01,2026,5,Unknown,30,11,11,100.0
2025-05-01,2025,5,Unknown,60,6,4,66.67
2026-05-01,2026,5,Unknown,60,11,11,100.0
2025-05-01,2025,5,Unknown,90,6,4,66.67
2026-05-01,2026,5,Unknown,90,11,11,100.0
2025-06-01,2025,6,All channels,30,304,291,95.72
2026-06-01,2026,6,All channels,30,807,771,95.54
2025-06-01,2025,6,All channels,60,304,277,91.12
2026-06-01,2026,6,All channels,60,807,750,92.94
2025-06-01,2025,6,All channels,90,304,265,87.17
2025-06-01,2025,6,Organic,30,77,71,92.21
2026-06-01,2026,6,Organic,30,106,96,90.57
2025-06-01,2025,6,Organic,60,77,68,88.31
2026-06-01,2026,6,Organic,60,106,93,87.74
2025-06-01,2025,6,Organic,90,77,65,84.42
2025-06-01,2025,6,Paid search,30,58,57,98.28
2026-06-01,2026,6,Paid search,30,85,79,92.94
2025-06-01,2025,6,Paid search,60,58,55,94.83
2026-06-01,2026,6,Paid search,60,85,78,91.76
2025-06-01,2025,6,Paid search,90,58,53,91.38
2025-06-01,2025,6,Paid social,30,62,58,93.55
2026-06-01,2026,6,Paid social,30,487,472,96.92
2025-06-01,2025,6,Paid social,60,62,52,83.87
2026-06-01,2026,6,Paid social,60,487,461,94.66
2025-06-01,2025,6,Paid social,90,62,50,80.65
2025-06-01,2025,6,Podcast,30,48,48,100.0
2026-06-01,2026,6,Podcast,30,53,50,94.34
2025-06-01,2025,6,Podcast,60,48,46,95.83
2026-06-01,2026,6,Podcast,60,53,47,88.68
2025-06-01,2025,6,Podcast,90,48,42,87.5
2025-06-01,2025,6,Referral,30,49,48,97.96
2026-06-01,2026,6,Referral,30,60,58,96.67
2025-06-01,2025,6,Referral,60,49,47,95.92
2026-06-01,2026,6,Referral,60,60,56,93.33
2025-06-01,2025,6,Referral,90,49,46,93.88
2025-06-01,2025,6,Unknown,30,10,9,90.0
2026-06-01,2026,6,Unknown,30,16,16,100.0
2025-06-01,2025,6,Unknown,60,10,9,90.0
2026-06-01,2026,6,Unknown,60,16,15,93.75
2025-06-01,2025,6,Unknown,90,10,9,90.0
2025-07-01,2025,7,All channels,30,333,319,95.8
2026-07-01,2026,7,All channels,30,676,652,96.45
2025-07-01,2025,7,All channels,60,333,307,92.19
2025-07-01,2025,7,All channels,90,333,296,88.89
2025-07-01,2025,7,Organic,30,108,99,91.67
2026-07-01,2026,7,Organic,30,84,80,95.24
2025-07-01,2025,7,Organic,60,108,95,87.96
2025-07-01,2025,7,Organic,90,108,90,83.33
2025-07-01,2025,7,Paid search,30,74,72,97.3
2026-07-01,2026,7,Paid search,30,87,82,94.25
2025-07-01,2025,7,Paid search,60,74,70,94.59
2025-07-01,2025,7,Paid search,90,74,70,94.59
2025-07-01,2025,7,Paid social,30,42,40,95.24
2026-07-01,2026,7,Paid social,30,392,379,96.68
2025-07-01,2025,7,Paid social,60,42,37,88.1
2025-07-01,2025,7,Paid social,90,42,34,80.95
2025-07-01,2025,7,Podcast,30,45,45,100.0
2026-07-01,2026,7,Podcast,30,41,41,100.0
2025-07-01,2025,7,Podcast,60,45,43,95.56
2025-07-01,2025,7,Podcast,90,45,41,91.11
2025-07-01,2025,7,Referral,30,56,55,98.21
2026-07-01,2026,7,Referral,30,60,59,98.33
2025-07-01,2025,7,Referral,60,56,54,96.43
2025-07-01,2025,7,Referral,90,56,53,94.64
2025-07-01,2025,7,Unknown,30,8,8,100.0
2026-07-01,2026,7,Unknown,30,12,11,91.67
2025-07-01,2025,7,Unknown,60,8,8,100.0
2025-07-01,2025,7,Unknown,90,8,8,100.0
2025-08-01,2025,8,All channels,30,362,344,95.03
2025-08-01,2025,8,All channels,60,362,334,92.27
2025-08-01,2025,8,All channels,90,362,319,88.12
2025-08-01,2025,8,Organic,30,108,99,91.67
2025-08-01,2025,8,Organic,60,108,97,89.81
2025-08-01,2025,8,Organic,90,108,93,86.11
2025-08-01,2025,8,Paid search,30,79,77,97.47
2025-08-01,2025,8,Paid search,60,79,74,93.67
2025-08-01,2025,8,Paid search,90,79,71,89.87
2025-08-01,2025,8,Paid social,30,62,60,96.77
2025-08-01,2025,8,Paid social,60,62,57,91.94
2025-08-01,2025,8,Paid social,90,62,50,80.65
2025-08-01,2025,8,Podcast,30,42,39,92.86
2025-08-01,2025,8,Podcast,60,42,37,88.1
2025-08-01,2025,8,Podcast,90,42,37,88.1
2025-08-01,2025,8,Referral,30,69,67,97.1
2025-08-01,2025,8,Referral,60,69,67,97.1
2025-08-01,2025,8,Referral,90,69,66,95.65
2025-08-01,2025,8,Unknown,30,2,2,100.0
2025-08-01,2025,8,Unknown,60,2,2,100.0
2025-08-01,2025,8,Unknown,90,2,2,100.0
